Country or Area,Year,Area,Month,Record Type,Reliability,Source Year,Value,Value Footnotes
Italy,2019,Total,Total,Data tabulated by year of occurrence,"Final figure, complete",2021,420084,
Italy,2019,Total,January,Data tabulated by year of occurrence,"Final figure, complete",2021,36712,
Italy,2019,Total,February,Data tabulated by year of occurrence,"Final figure, complete",2021,30663,
Italy,2019,Total,March,Data tabulated by year of occurrence,"Final figure, complete",2021,33163,
Italy,2019,Total,April,Data tabulated by year of occurrence,"Final figure, complete",2021,31300,
Italy,2019,Total,May,Data tabulated by year of occurrence,"Final figure, complete",2021,33281,
Italy,2019,Total,June,Data tabulated by year of occurrence,"Final figure, complete",2021,33479,
Italy,2019,Total,July,Data tabulated by year of occurrence,"Final figure, complete",2021,36604,
Italy,2019,Total,August,Data tabulated by year of occurrence,"Final figure, complete",2021,36655,
Italy,2019,Total,September,Data tabulated by year of occurrence,"Final figure, complete",2021,37843,
Italy,2019,Total,October,Data tabulated by year of occurrence,"Final figure, complete",2021,38587,
Italy,2019,Total,November,Data tabulated by year of occurrence,"Final figure, complete",2021,35333,
Italy,2019,Total,December,Data tabulated by year of occurrence,"Final figure, complete",2021,36464,
Italy,2019,Total,Unknown,Data tabulated by year of occurrence,"Final figure, complete",2021,0,
Italy,2018,Total,Total,Data tabulated by year of occurrence,"Final figure, complete",2020,439747,
Italy,2018,Total,January,Data tabulated by year of occurrence,"Final figure, complete",2020,37935,
Italy,2018,Total,February,Data tabulated by year of occurrence,"Final figure, complete",2020,32663,
Italy,2018,Total,March,Data tabulated by year of occurrence,"Final figure, complete",2020,34459,
Italy,2018,Total,April,Data tabulated by year of occurrence,"Final figure, complete",2020,31902,
Italy,2018,Total,May,Data tabulated by year of occurrence,"Final figure, complete",2020,35607,
Italy,2018,Total,June,Data tabulated by year of occurrence,"Final figure, complete",2020,35954,
Italy,2018,Total,July,Data tabulated by year of occurrence,"Final figure, complete",2020,39782,
Italy,2018,Total,August,Data tabulated by year of occurrence,"Final figure, complete",2020,39334,
Italy,2018,Total,September,Data tabulated by year of occurrence,"Final figure, complete",2020,38420,
Italy,2018,Total,October,Data tabulated by year of occurrence,"Final figure, complete",2020,38494,
Italy,2018,Total,November,Data tabulated by year of occurrence,"Final figure, complete",2020,35520,
Italy,2018,Total,December,Data tabulated by year of occurrence,"Final figure, complete",2020,39677,
Italy,2018,Total,Unknown,Data tabulated by year of occurrence,"Final figure, complete",2020,0,
Italy,2017,Total,Total,Data tabulated by year of occurrence,"Final figure, complete",2019,458151,
Italy,2017,Total,January,Data tabulated by year of occurrence,"Final figure, complete",2019,38503,
Italy,2017,Total,February,Data tabulated by year of occurrence,"Final figure, complete",2019,34333,
Italy,2017,Total,March,Data tabulated by year of occurrence,"Final figure, complete",2019,36387,
Italy,2017,Total,April,Data tabulated by year of occurrence,"Final figure, complete",2019,34079,
Italy,2017,Total,May,Data tabulated by year of occurrence,"Final figure, complete",2019,38462,
Italy,2017,Total,June,Data tabulated by year of occurrence,"Final figure, complete",2019,37526,
Italy,2017,Total,July,Data tabulated by year of occurrence,"Final figure, complete",2019,40921,
Italy,2017,Total,August,Data tabulated by year of occurrence,"Final figure, complete",2019,40619,
Italy,2017,Total,September,Data tabulated by year of occurrence,"Final figure, complete",2019,39958,
Italy,2017,Total,October,Data tabulated by year of occurrence,"Final figure, complete",2019,41222,
Italy,2017,Total,November,Data tabulated by year of occurrence,"Final figure, complete",2019,38227,
Italy,2017,Total,December,Data tabulated by year of occurrence,"Final figure, complete",2019,37914,
Italy,2016,Total,Total,Data tabulated by year of occurrence,"Final figure, complete",2018,473438,
Italy,2016,Total,January,Data tabulated by year of occurrence,"Final figure, complete",2018,39563,
Italy,2016,Total,February,Data tabulated by year of occurrence,"Final figure, complete",2018,36161,
Italy,2016,Total,March,Data tabulated by year of occurrence,"Final figure, complete",2018,37671,
Italy,2016,Total,April,Data tabulated by year of occurrence,"Final figure, complete",2018,33089,
Italy,2016,Total,May,Data tabulated by year of occurrence,"Final figure, complete",2018,37012,
Italy,2016,Total,June,Data tabulated by year of occurrence,"Final figure, complete",2018,38172,
Italy,2016,Total,July,Data tabulated by year of occurrence,"Final figure, complete",2018,42573,
Italy,2016,Total,August,Data tabulated by year of occurrence,"Final figure, complete",2018,43359,
Italy,2016,Total,September,Data tabulated by year of occurrence,"Final figure, complete",2018,44307,
Italy,2016,Total,October,Data tabulated by year of occurrence,"Final figure, complete",2018,42752,
Italy,2016,Total,November,Data tabulated by year of occurrence,"Final figure, complete",2018,39367,
Italy,2016,Total,December,Data tabulated by year of occurrence,"Final figure, complete",2018,39412,
Italy,2015,Total,Total,Data tabulated by year of occurrence,"Final figure, complete",2017,485780,
Italy,2015,Total,January,Data tabulated by year of occurrence,"Final figure, complete",2017,41769,
Italy,2015,Total,February,Data tabulated by year of occurrence,"Final figure, complete",2017,36108,
Italy,2015,Total,March,Data tabulated by year of occurrence,"Final figure, complete",2017,38547,
Italy,2015,Total,April,Data tabulated by year of occurrence,"Final figure, complete",2017,38386,
Italy,2015,Total,May,Data tabulated by year of occurrence,"Final figure, complete",2017,40989,
Italy,2015,Total,June,Data tabulated by year of occurrence,"Final figure, complete",2017,39577,
Italy,2015,Total,July,Data tabulated by year of occurrence,"Final figure, complete",2017,42627,
Italy,2015,Total,August,Data tabulated by year of occurrence,"Final figure, complete",2017,41367,
Italy,2015,Total,September,Data tabulated by year of occurrence,"Final figure, complete",2017,43325,
Italy,2015,Total,October,Data tabulated by year of occurrence,"Final figure, complete",2017,42409,
Italy,2015,Total,November,Data tabulated by year of occurrence,"Final figure, complete",2017,39328,
Italy,2015,Total,December,Data tabulated by year of occurrence,"Final figure, complete",2017,41348,
Italy,2015,Total,Unknown,Data tabulated by year of occurrence,"Final figure, complete",2017,0,
Italy,2013,Total,Total,Data tabulated by year of registration,"Final figure, complete",2015,514308,
Italy,2013,Total,January,Data tabulated by year of registration,"Final figure, complete",2015,44475,
Italy,2013,Total,February,Data tabulated by year of registration,"Final figure, complete",2015,38083,
Italy,2013,Total,March,Data tabulated by year of registration,"Final figure, complete",2015,39985,
Italy,2013,Total,April,Data tabulated by year of registration,"Final figure, complete",2015,37241,
Italy,2013,Total,May,Data tabulated by year of registration,"Final figure, complete",2015,41868,
Italy,2013,Total,June,Data tabulated by year of registration,"Final figure, complete",2015,40965,
Italy,2013,Total,July,Data tabulated by year of registration,"Final figure, complete",2015,46695,
Italy,2013,Total,August,Data tabulated by year of registration,"Final figure, complete",2015,45028,
Italy,2013,Total,September,Data tabulated by year of registration,"Final figure, complete",2015,46925,
Italy,2013,Total,October,Data tabulated by year of registration,"Final figure, complete",2015,45801,
Italy,2013,Total,November,Data tabulated by year of registration,"Final figure, complete",2015,42711,
Italy,2013,Total,December,Data tabulated by year of registration,"Final figure, complete",2015,44531,
Italy,2013,Total,Unknown,Data tabulated by year of registration,"Final figure, complete",2015,0,
Italy,2012,Total,Total,Data tabulated by year of registration,"Final figure, complete",2013,534186,
Italy,2012,Total,January,Data tabulated by year of registration,"Final figure, complete",2013,45334,
Italy,2012,Total,February,Data tabulated by year of registration,"Final figure, complete",2013,42412,
Italy,2012,Total,March,Data tabulated by year of registration,"Final figure, complete",2013,43310,
Italy,2012,Total,April,Data tabulated by year of registration,"Final figure, complete",2013,39749,
Italy,2012,Total,May,Data tabulated by year of registration,"Final figure, complete",2013,47082,
Italy,2012,Total,June,Data tabulated by year of registration,"Final figure, complete",2013,40943,
Italy,2012,Total,July,Data tabulated by year of registration,"Final figure, complete",2013,46020,
Italy,2012,Total,August,Data tabulated by year of registration,"Final figure, complete",2013,47358,
Italy,2012,Total,September,Data tabulated by year of registration,"Final figure, complete",2013,45519,
Italy,2012,Total,October,Data tabulated by year of registration,"Final figure, complete",2013,51228,
Italy,2012,Total,November,Data tabulated by year of registration,"Final figure, complete",2013,43939,
Italy,2012,Total,December,Data tabulated by year of registration,"Final figure, complete",2013,41292,
Italy,2011,Total,Total,Data tabulated by year of registration,Provisional figure,2013,546606,
Italy,2011,Total,January,Data tabulated by year of registration,Provisional figure,2013,45021,
Italy,2011,Total,February,Data tabulated by year of registration,Provisional figure,2013,41862,
Italy,2011,Total,March,Data tabulated by year of registration,Provisional figure,2013,45946,
Italy,2011,Total,April,Data tabulated by year of registration,Provisional figure,2013,39395,
Italy,2011,Total,May,Data tabulated by year of registration,Provisional figure,2013,45619,
Italy,2011,Total,June,Data tabulated by year of registration,Provisional figure,2013,43406,
Italy,2011,Total,July,Data tabulated by year of registration,Provisional figure,2013,46405,
Italy,2011,Total,August,Data tabulated by year of registration,Provisional figure,2013,50426,
Italy,2011,Total,September,Data tabulated by year of registration,Provisional figure,2013,48954,
Italy,2011,Total,October,Data tabulated by year of registration,Provisional figure,2013,47666,
Italy,2011,Total,November,Data tabulated by year of registration,Provisional figure,2013,46473,
Italy,2011,Total,December,Data tabulated by year of registration,Provisional figure,2013,45433,
Italy,2011,Total,Unknown,Data tabulated by year of registration,Provisional figure,2012,0,
Italy,2010,Total,Total,Data tabulated by year of registration,"Final figure, complete",2010,561944,
Italy,2010,Total,January,Data tabulated by year of occurrence,Provisional figure,2010,45518,
Italy,2010,Total,January,Data tabulated by year of registration,"Final figure, complete",2010,45540,
Italy,2010,Total,February,Data tabulated by year of occurrence,Provisional figure,2010,43071,
Italy,2010,Total,February,Data tabulated by year of registration,"Final figure, complete",2010,43074,
Italy,2010,Total,March,Data tabulated by year of occurrence,Provisional figure,2010,46273,
Italy,2010,Total,March,Data tabulated by year of registration,"Final figure, complete",2010,46291,
Italy,2010,Total,April,Data tabulated by year of registration,"Final figure, complete",2010,43592,
Italy,2010,Total,May,Data tabulated by year of registration,"Final figure, complete",2010,44233,
Italy,2010,Total,June,Data tabulated by year of registration,"Final figure, complete",2010,43419,
Italy,2010,Total,July,Data tabulated by year of registration,"Final figure, complete",2010,47512,
Italy,2010,Total,August,Data tabulated by year of registration,"Final figure, complete",2010,48783,
Italy,2010,Total,September,Data tabulated by year of registration,"Final figure, complete",2010,51482,
Italy,2010,Total,October,Data tabulated by year of registration,"Final figure, complete",2010,50100,
Italy,2010,Total,November,Data tabulated by year of registration,"Final figure, complete",2010,49352,
Italy,2010,Total,December,Data tabulated by year of registration,"Final figure, complete",2010,48566,
Italy,2010,Total,Unknown,Data tabulated by year of registration,"Final figure, complete",2010,0,
Italy,2009,Total,Total,Data tabulated by year of occurrence,Provisional figure,2010,568857,
Italy,2009,Total,Total,Data tabulated by year of registration,"Final figure, complete",2010,568857,
Italy,2009,Total,January,Data tabulated by year of occurrence,Provisional figure,2010,47466,
Italy,2009,Total,January,Data tabulated by year of registration,"Final figure, complete",2010,47466,
Italy,2009,Total,February,Data tabulated by year of occurrence,Provisional figure,2010,42740,
Italy,2009,Total,February,Data tabulated by year of registration,"Final figure, complete",2010,42740,
Italy,2009,Total,March,Data tabulated by year of occurrence,Provisional figure,2010,47177,
Italy,2009,Total,March,Data tabulated by year of registration,"Final figure, complete",2010,47177,
Italy,2009,Total,April,Data tabulated by year of occurrence,Provisional figure,2010,43486,
Italy,2009,Total,April,Data tabulated by year of registration,"Final figure, complete",2010,43486,
Italy,2009,Total,May,Data tabulated by year of occurrence,Provisional figure,2010,43799,
Italy,2009,Total,May,Data tabulated by year of registration,"Final figure, complete",2010,43799,
Italy,2009,Total,June,Data tabulated by year of occurrence,Provisional figure,2010,45837,
Italy,2009,Total,June,Data tabulated by year of registration,"Final figure, complete",2010,45837,
Italy,2009,Total,July,Data tabulated by year of occurrence,Provisional figure,2010,51719,
Italy,2009,Total,July,Data tabulated by year of registration,"Final figure, complete",2010,51719,
Italy,2009,Total,August,Data tabulated by year of occurrence,Provisional figure,2010,47722,
Italy,2009,Total,August,Data tabulated by year of registration,"Final figure, complete",2010,47722,
Italy,2009,Total,September,Data tabulated by year of occurrence,Provisional figure,2010,52221,
Italy,2009,Total,September,Data tabulated by year of registration,"Final figure, complete",2010,52221,
Italy,2009,Total,October,Data tabulated by year of occurrence,Provisional figure,2010,52313,
Italy,2009,Total,October,Data tabulated by year of registration,"Final figure, complete",2010,52313,
Italy,2009,Total,November,Data tabulated by year of occurrence,Provisional figure,2010,45846,
Italy,2009,Total,November,Data tabulated by year of registration,"Final figure, complete",2010,45846,
Italy,2009,Total,December,Data tabulated by year of occurrence,Provisional figure,2010,48531,
Italy,2009,Total,December,Data tabulated by year of registration,"Final figure, complete",2010,48531,
Italy,2009,Total,Unknown,Data tabulated by year of registration,"Final figure, complete",2010,0,
Italy,2008,Total,Total,Data tabulated by year of occurrence,"Final figure, complete",2009,576659,
Italy,2008,Total,January,Data tabulated by year of occurrence,"Final figure, complete",2009,51047,
Italy,2008,Total,February,Data tabulated by year of occurrence,"Final figure, complete",2009,43579,
Italy,2008,Total,March,Data tabulated by year of occurrence,"Final figure, complete",2009,43692,
Italy,2008,Total,April,Data tabulated by year of occurrence,"Final figure, complete",2009,45127,
Italy,2008,Total,May,Data tabulated by year of occurrence,"Final figure, complete",2009,48954,
Italy,2008,Total,June,Data tabulated by year of occurrence,"Final figure, complete",2009,45413,
Italy,2008,Total,July,Data tabulated by year of occurrence,"Final figure, complete",2009,52067,
Italy,2008,Total,August,Data tabulated by year of occurrence,"Final figure, complete",2009,47559,
Italy,2008,Total,September,Data tabulated by year of occurrence,"Final figure, complete",2009,54423,
Italy,2008,Total,October,Data tabulated by year of occurrence,"Final figure, complete",2009,51735,
Italy,2008,Total,November,Data tabulated by year of occurrence,"Final figure, complete",2009,44952,
Italy,2008,Total,December,Data tabulated by year of occurrence,"Final figure, complete",2009,48111,
Italy,2007,Total,Total,Data tabulated by year of occurrence,"Final figure, complete",2008,563933,
Italy,2007,Total,January,Data tabulated by year of occurrence,"Final figure, complete",2008,49131,
Italy,2007,Total,February,Data tabulated by year of occurrence,"Final figure, complete",2008,41762,
Italy,2007,Total,March,Data tabulated by year of occurrence,"Final figure, complete",2008,45343,
Italy,2007,Total,April,Data tabulated by year of occurrence,"Final figure, complete",2008,40513,
Italy,2007,Total,May,Data tabulated by year of occurrence,"Final figure, complete",2008,49462,
Italy,2007,Total,June,Data tabulated by year of occurrence,"Final figure, complete",2008,45808,
Italy,2007,Total,July,Data tabulated by year of occurrence,"Final figure, complete",2008,48931,
Italy,2007,Total,August,Data tabulated by year of occurrence,"Final figure, complete",2008,48555,
Italy,2007,Total,September,Data tabulated by year of occurrence,"Final figure, complete",2008,48538,
Italy,2007,Total,October,Data tabulated by year of occurrence,"Final figure, complete",2008,54058,
Italy,2007,Total,November,Data tabulated by year of occurrence,"Final figure, complete",2008,47004,
Italy,2007,Total,December,Data tabulated by year of occurrence,"Final figure, complete",2008,44828,
Italy,2007,Total,Unknown,Data tabulated by year of occurrence,"Final figure, complete",2008,0,
Italy,2006,Total,January,Data tabulated by year of occurrence,Provisional figure,2007,47115,
Italy,2006,Total,February,Data tabulated by year of occurrence,Provisional figure,2007,42217,
Italy,2006,Total,March,Data tabulated by year of occurrence,Provisional figure,2007,46223,
Italy,2006,Total,April,Data tabulated by year of occurrence,Provisional figure,2007,38900,
Italy,2006,Total,May,Data tabulated by year of occurrence,Provisional figure,2007,49584,
Italy,2006,Total,June,Data tabulated by year of occurrence,Provisional figure,2007,44802,
Italy,2006,Total,July,Data tabulated by year of occurrence,Provisional figure,2007,46942,
Italy,2006,Total,August,Data tabulated by year of occurrence,Provisional figure,2007,49094,
Italy,2006,Total,September,Data tabulated by year of occurrence,Provisional figure,2007,51351,
Italy,2006,Total,October,Data tabulated by year of occurrence,Provisional figure,2007,52484,
Italy,2006,Total,November,Data tabulated by year of occurrence,Provisional figure,2007,47457,
Italy,2006,Total,December,Data tabulated by year of occurrence,Provisional figure,2007,44113,
Italy,2005,Total,January,Data tabulated by year of occurrence,Provisional figure,2006,44722,
Italy,2005,Total,February,Data tabulated by year of occurrence,Provisional figure,2006,42303,
Italy,2005,Total,March,Data tabulated by year of occurrence,Provisional figure,2006,46887,
Italy,2005,Total,April,Data tabulated by year of occurrence,Provisional figure,2006,43444,
Italy,2005,Total,May,Data tabulated by year of occurrence,Provisional figure,2006,48558,
Italy,2005,Total,June,Data tabulated by year of occurrence,Provisional figure,2006,45022,
Italy,2005,Total,July,Data tabulated by year of occurrence,Provisional figure,2006,46200,
Italy,2005,Total,August,Data tabulated by year of occurrence,Provisional figure,2006,47751,
Italy,2005,Total,September,Data tabulated by year of occurrence,Provisional figure,2006,50262,
Italy,2005,Total,October,Data tabulated by year of occurrence,Provisional figure,2006,48258,
Italy,2005,Total,November,Data tabulated by year of occurrence,Provisional figure,2006,44699,
Italy,2005,Total,December,Data tabulated by year of occurrence,Provisional figure,2006,45916,
Italy,2004,Total,Total,Data tabulated by year of occurrence,"Final figure, complete",2005,562599,
Italy,2004,Total,January,Data tabulated by year of occurrence,"Final figure, complete",2005,45564,
Italy,2004,Total,February,Data tabulated by year of occurrence,"Final figure, complete",2005,40672,
Italy,2004,Total,March,Data tabulated by year of occurrence,"Final figure, complete",2005,43817,
Italy,2004,Total,April,Data tabulated by year of occurrence,"Final figure, complete",2005,39849,
Italy,2004,Total,May,Data tabulated by year of occurrence,"Final figure, complete",2005,42472,
Italy,2004,Total,June,Data tabulated by year of occurrence,"Final figure, complete",2005,44291,
Italy,2004,Total,July,Data tabulated by year of occurrence,"Final figure, complete",2005,51462,
Italy,2004,Total,August,Data tabulated by year of occurrence,"Final figure, complete",2005,52113,
Italy,2004,Total,September,Data tabulated by year of occurrence,"Final figure, complete",2005,54267,
Italy,2004,Total,October,Data tabulated by year of occurrence,"Final figure, complete",2005,50615,
Italy,2004,Total,November,Data tabulated by year of occurrence,"Final figure, complete",2005,48566,
Italy,2004,Total,December,Data tabulated by year of occurrence,"Final figure, complete",2005,48911,
Italy,2003,Total,Total,Data tabulated by year of occurrence,"Final figure, complete",2005,539503,
Italy,2003,Total,January,Data tabulated by year of occurrence,"Final figure, complete",2005,44841,
Italy,2003,Total,February,Data tabulated by year of occurrence,"Final figure, complete",2005,39824,
Italy,2003,Total,March,Data tabulated by year of occurrence,"Final figure, complete",2005,42477,
Italy,2003,Total,April,Data tabulated by year of occurrence,"Final figure, complete",2005,41469,
Italy,2003,Total,May,Data tabulated by year of occurrence,"Final figure, complete",2005,48110,
Italy,2003,Total,June,Data tabulated by year of occurrence,"Final figure, complete",2005,45570,
Italy,2003,Total,July,Data tabulated by year of occurrence,"Final figure, complete",2005,48878,
Italy,2003,Total,August,Data tabulated by year of occurrence,"Final figure, complete",2005,45333,
Italy,2003,Total,September,Data tabulated by year of occurrence,"Final figure, complete",2005,48715,
Italy,2003,Total,October,Data tabulated by year of occurrence,"Final figure, complete",2005,47813,
Italy,2003,Total,November,Data tabulated by year of occurrence,"Final figure, complete",2005,41737,
Italy,2003,Total,December,Data tabulated by year of occurrence,"Final figure, complete",2005,44736,
Italy,2002,Total,Total,Data tabulated by year of occurrence,"Final figure, complete",2004,535538,
Italy,2002,Total,January,Data tabulated by year of occurrence,"Final figure, complete",2004,44329,
Italy,2002,Total,February,Data tabulated by year of occurrence,"Final figure, complete",2004,38999,
Italy,2002,Total,March,Data tabulated by year of occurrence,"Final figure, complete",2004,42384,
Italy,2002,Total,April,Data tabulated by year of occurrence,"Final figure, complete",2004,42626,
Italy,2002,Total,May,Data tabulated by year of occurrence,"Final figure, complete",2004,45699,
Italy,2002,Total,June,Data tabulated by year of occurrence,"Final figure, complete",2004,42820,
Italy,2002,Total,July,Data tabulated by year of occurrence,"Final figure, complete",2004,48423,
Italy,2002,Total,August,Data tabulated by year of occurrence,"Final figure, complete",2004,46391,
Italy,2002,Total,September,Data tabulated by year of occurrence,"Final figure, complete",2004,48388,
Italy,2002,Total,October,Data tabulated by year of occurrence,"Final figure, complete",2004,49127,
Italy,2002,Total,November,Data tabulated by year of occurrence,"Final figure, complete",2004,42543,
Italy,2002,Total,December,Data tabulated by year of occurrence,"Final figure, complete",2004,43809,
Italy,2001,Total,Total,Data tabulated by year of occurrence,"Final figure, complete",2004,535282,
Italy,2001,Total,January,Data tabulated by year of occurrence,"Final figure, complete",2004,44862,
Italy,2001,Total,February,Data tabulated by year of occurrence,"Final figure, complete",2004,37837,
Italy,2001,Total,March,Data tabulated by year of occurrence,"Final figure, complete",2004,42692,
Italy,2001,Total,April,Data tabulated by year of occurrence,"Final figure, complete",2004,41703,
Italy,2001,Total,May,Data tabulated by year of occurrence,"Final figure, complete",2004,47106,
Italy,2001,Total,June,Data tabulated by year of occurrence,"Final figure, complete",2004,43419,
Italy,2001,Total,July,Data tabulated by year of occurrence,"Final figure, complete",2004,47683,
Italy,2001,Total,August,Data tabulated by year of occurrence,"Final figure, complete",2004,45910,
Italy,2001,Total,September,Data tabulated by year of occurrence,"Final figure, complete",2004,46176,
Italy,2001,Total,October,Data tabulated by year of occurrence,"Final figure, complete",2004,46465,
Italy,2001,Total,November,Data tabulated by year of occurrence,"Final figure, complete",2004,41957,
Italy,2001,Total,December,Data tabulated by year of occurrence,"Final figure, complete",2004,42030,
Italy,2001,Total,Unknown,Data tabulated by year of occurrence,"Final figure, complete",2004,7442,
Italy,2000,Total,Total,Data tabulated by year of occurrence,"Final figure, complete",2004,543039,
Italy,2000,Total,January,Data tabulated by year of occurrence,"Final figure, complete",2004,44926,
Italy,2000,Total,February,Data tabulated by year of occurrence,"Final figure, complete",2004,40573,
Italy,2000,Total,March,Data tabulated by year of occurrence,"Final figure, complete",2004,43761,
Italy,2000,Total,April,Data tabulated by year of occurrence,"Final figure, complete",2004,43342,
Italy,2000,Total,May,Data tabulated by year of occurrence,"Final figure, complete",2004,47415,
Italy,2000,Total,June,Data tabulated by year of occurrence,"Final figure, complete",2004,44595,
Italy,2000,Total,July,Data tabulated by year of occurrence,"Final figure, complete",2004,48994,
Italy,2000,Total,August,Data tabulated by year of occurrence,"Final figure, complete",2004,47388,
Italy,2000,Total,September,Data tabulated by year of occurrence,"Final figure, complete",2004,47821,
Italy,2000,Total,October,Data tabulated by year of occurrence,"Final figure, complete",2004,47148,
Italy,2000,Total,November,Data tabulated by year of occurrence,"Final figure, complete",2004,44182,
Italy,2000,Total,December,Data tabulated by year of occurrence,"Final figure, complete",2004,42894,
Italy,1999,Total,Total,Data tabulated by year of occurrence,"Final figure, complete",2003,523463,
Italy,1999,Total,January,Data tabulated by year of occurrence,"Final figure, complete",2003,41972,
Italy,1999,Total,February,Data tabulated by year of occurrence,"Final figure, complete",2003,38512,
Italy,1999,Total,March,Data tabulated by year of occurrence,"Final figure, complete",2003,43073,
Italy,1999,Total,April,Data tabulated by year of occurrence,"Final figure, complete",2003,39829,
Italy,1999,Total,May,Data tabulated by year of occurrence,"Final figure, complete",2003,43015,
Italy,1999,Total,June,Data tabulated by year of occurrence,"Final figure, complete",2003,43380,
Italy,1999,Total,July,Data tabulated by year of occurrence,"Final figure, complete",2003,48747,
Italy,1999,Total,August,Data tabulated by year of occurrence,"Final figure, complete",2003,46834,
Italy,1999,Total,September,Data tabulated by year of occurrence,"Final figure, complete",2003,47957,
Italy,1999,Total,October,Data tabulated by year of occurrence,"Final figure, complete",2003,45010,
Italy,1999,Total,November,Data tabulated by year of occurrence,"Final figure, complete",2003,41994,
Italy,1999,Total,December,Data tabulated by year of occurrence,"Final figure, complete",2003,43140,
Italy,1998,Total,Total,Data tabulated by year of occurrence,"Final figure, complete",2003,515439,
Italy,1998,Total,January,Data tabulated by year of occurrence,"Final figure, complete",2003,41732,
Italy,1998,Total,February,Data tabulated by year of occurrence,"Final figure, complete",2003,37342,
Italy,1998,Total,March,Data tabulated by year of occurrence,"Final figure, complete",2003,41508,
Italy,1998,Total,April,Data tabulated by year of occurrence,"Final figure, complete",2003,41828,
Italy,1998,Total,May,Data tabulated by year of occurrence,"Final figure, complete",2003,45053,
Italy,1998,Total,June,Data tabulated by year of occurrence,"Final figure, complete",2003,43048,
Italy,1998,Total,July,Data tabulated by year of occurrence,"Final figure, complete",2003,45865,
Italy,1998,Total,August,Data tabulated by year of occurrence,"Final figure, complete",2003,44114,
Italy,1998,Total,September,Data tabulated by year of occurrence,"Final figure, complete",2003,47268,
Italy,1998,Total,October,Data tabulated by year of occurrence,"Final figure, complete",2003,45092,
Italy,1998,Total,November,Data tabulated by year of occurrence,"Final figure, complete",2003,40577,
Italy,1998,Total,December,Data tabulated by year of occurrence,"Final figure, complete",2003,42012,
Italy,1997,Total,Total,Data tabulated by year of occurrence,"Final figure, complete",1998,528901,
Italy,1997,Total,January,Data tabulated by year of occurrence,"Final figure, complete",1998,42961,
Italy,1997,Total,February,Data tabulated by year of occurrence,"Final figure, complete",1998,38353,
Italy,1997,Total,March,Data tabulated by year of occurrence,"Final figure, complete",1998,41745,
Italy,1997,Total,April,Data tabulated by year of occurrence,"Final figure, complete",1998,43413,
Italy,1997,Total,May,Data tabulated by year of occurrence,"Final figure, complete",1998,47167,
Italy,1997,Total,June,Data tabulated by year of occurrence,"Final figure, complete",1998,48858,
Italy,1997,Total,July,Data tabulated by year of occurrence,"Final figure, complete",1998,51186,
Italy,1997,Total,August,Data tabulated by year of occurrence,"Final figure, complete",1998,44149,
Italy,1997,Total,September,Data tabulated by year of occurrence,"Final figure, complete",1998,45933,
Italy,1997,Total,October,Data tabulated by year of occurrence,"Final figure, complete",1998,41570,
Italy,1997,Total,November,Data tabulated by year of occurrence,"Final figure, complete",1998,39199,
Italy,1997,Total,December,Data tabulated by year of occurrence,"Final figure, complete",1998,44367,
Italy,1996,Total,Total,Data tabulated by year of occurrence,"Final figure, complete",1998,525640,
Italy,1996,Total,January,Data tabulated by year of occurrence,"Final figure, complete",1998,42645,
Italy,1996,Total,February,Data tabulated by year of occurrence,"Final figure, complete",1998,39315,
Italy,1996,Total,March,Data tabulated by year of occurrence,"Final figure, complete",1998,42758,
Italy,1996,Total,April,Data tabulated by year of occurrence,"Final figure, complete",1998,40910,
Italy,1996,Total,May,Data tabulated by year of occurrence,"Final figure, complete",1998,45116,
Italy,1996,Total,June,Data tabulated by year of occurrence,"Final figure, complete",1998,44680,
Italy,1996,Total,July,Data tabulated by year of occurrence,"Final figure, complete",1998,48922,
Italy,1996,Total,August,Data tabulated by year of occurrence,"Final figure, complete",1998,46096,
Italy,1996,Total,September,Data tabulated by year of occurrence,"Final figure, complete",1998,45585,
Italy,1996,Total,October,Data tabulated by year of occurrence,"Final figure, complete",1998,45331,
Italy,1996,Total,November,Data tabulated by year of occurrence,"Final figure, complete",1998,41007,
Italy,1996,Total,December,Data tabulated by year of occurrence,"Final figure, complete",1998,43275,
Italy,1995,Total,Total,Data tabulated by year of occurrence,"Final figure, complete",1998,525609,
Italy,1995,Total,January,Data tabulated by year of occurrence,"Final figure, complete",1998,42996,
Italy,1995,Total,February,Data tabulated by year of occurrence,"Final figure, complete",1998,38420,
Italy,1995,Total,March,Data tabulated by year of occurrence,"Final figure, complete",1998,42618,
Italy,1995,Total,April,Data tabulated by year of occurrence,"Final figure, complete",1998,40172,
Italy,1995,Total,May,Data tabulated by year of occurrence,"Final figure, complete",1998,44708,
Italy,1995,Total,June,Data tabulated by year of occurrence,"Final figure, complete",1998,44533,
Italy,1995,Total,July,Data tabulated by year of occurrence,"Final figure, complete",1998,47839,
Italy,1995,Total,August,Data tabulated by year of occurrence,"Final figure, complete",1998,46507,
Italy,1995,Total,September,Data tabulated by year of occurrence,"Final figure, complete",1998,47050,
Italy,1995,Total,October,Data tabulated by year of occurrence,"Final figure, complete",1998,47118,
Italy,1995,Total,November,Data tabulated by year of occurrence,"Final figure, complete",1998,41321,
Italy,1995,Total,December,Data tabulated by year of occurrence,"Final figure, complete",1998,42327,
Italy,1994,Total,Total,Data tabulated by year of occurrence,"Final figure, complete",1998,533050,
Italy,1994,Total,January,Data tabulated by year of occurrence,"Final figure, complete",1998,43859,
Italy,1994,Total,February,Data tabulated by year of occurrence,"Final figure, complete",1998,38767,
Italy,1994,Total,March,Data tabulated by year of occurrence,"Final figure, complete",1998,44163,
Italy,1994,Total,April,Data tabulated by year of occurrence,"Final figure, complete",1998,43948,
Italy,1994,Total,May,Data tabulated by year of occurrence,"Final figure, complete",1998,47419,
Italy,1994,Total,June,Data tabulated by year of occurrence,"Final figure, complete",1998,45082,
Italy,1994,Total,July,Data tabulated by year of occurrence,"Final figure, complete",1998,47703,
Italy,1994,Total,August,Data tabulated by year of occurrence,"Final figure, complete",1998,45599,
Italy,1994,Total,September,Data tabulated by year of occurrence,"Final figure, complete",1998,45976,
Italy,1994,Total,October,Data tabulated by year of occurrence,"Final figure, complete",1998,44419,
Italy,1994,Total,November,Data tabulated by year of occurrence,"Final figure, complete",1998,42382,
Italy,1994,Total,December,Data tabulated by year of occurrence,"Final figure, complete",1998,43733,
Italy,1993,Total,Total,Data tabulated by year of occurrence,"Final figure, complete",1995,549484,
Italy,1993,Total,January,Data tabulated by year of occurrence,"Final figure, complete",1995,45704,
Italy,1993,Total,February,Data tabulated by year of occurrence,"Final figure, complete",1995,39578,
Italy,1993,Total,March,Data tabulated by year of occurrence,"Final figure, complete",1995,45536,
Italy,1993,Total,April,Data tabulated by year of occurrence,"Final figure, complete",1995,43942,
Italy,1993,Total,May,Data tabulated by year of occurrence,"Final figure, complete",1995,45465,
Italy,1993,Total,June,Data tabulated by year of occurrence,"Final figure, complete",1995,46215,
Italy,1993,Total,July,Data tabulated by year of occurrence,"Final figure, complete",1995,52284,
Italy,1993,Total,August,Data tabulated by year of occurrence,"Final figure, complete",1995,48270,
Italy,1993,Total,September,Data tabulated by year of occurrence,"Final figure, complete",1995,47807,
Italy,1993,Total,October,Data tabulated by year of occurrence,"Final figure, complete",1995,47353,
Italy,1993,Total,November,Data tabulated by year of occurrence,"Final figure, complete",1995,43330,
Italy,1993,Total,December,Data tabulated by year of occurrence,"Final figure, complete",1995,44000,
Italy,1992,Total,Total,Data tabulated by year of occurrence,"Final figure, complete",1995,567841,
Italy,1992,Total,January,Data tabulated by year of occurrence,"Final figure, complete",1995,47088,
Italy,1992,Total,February,Data tabulated by year of occurrence,"Final figure, complete",1995,43314,
Italy,1992,Total,March,Data tabulated by year of occurrence,"Final figure, complete",1995,47019,
Italy,1992,Total,April,Data tabulated by year of occurrence,"Final figure, complete",1995,45020,
Italy,1992,Total,May,Data tabulated by year of occurrence,"Final figure, complete",1995,48192,
Italy,1992,Total,June,Data tabulated by year of occurrence,"Final figure, complete",1995,47881,
Italy,1992,Total,July,Data tabulated by year of occurrence,"Final figure, complete",1995,51857,
Italy,1992,Total,August,Data tabulated by year of occurrence,"Final figure, complete",1995,48996,
Italy,1992,Total,September,Data tabulated by year of occurrence,"Final figure, complete",1995,49438,
Italy,1992,Total,October,Data tabulated by year of occurrence,"Final figure, complete",1995,48334,
Italy,1992,Total,November,Data tabulated by year of occurrence,"Final figure, complete",1995,45094,
Italy,1992,Total,December,Data tabulated by year of occurrence,"Final figure, complete",1995,45608,
Italy,1991,Total,Total,Data tabulated by year of occurrence,"Final figure, complete",1995,562787,
Italy,1991,Total,January,Data tabulated by year of occurrence,"Final figure, complete",1995,46262,
Italy,1991,Total,February,Data tabulated by year of occurrence,"Final figure, complete",1995,40794,
Italy,1991,Total,March,Data tabulated by year of occurrence,"Final figure, complete",1995,44873,
Italy,1991,Total,April,Data tabulated by year of occurrence,"Final figure, complete",1995,44924,
Italy,1991,Total,May,Data tabulated by year of occurrence,"Final figure, complete",1995,50618,
Italy,1991,Total,June,Data tabulated by year of occurrence,"Final figure, complete",1995,48842,
Italy,1991,Total,July,Data tabulated by year of occurrence,"Final figure, complete",1995,50634,
Italy,1991,Total,August,Data tabulated by year of occurrence,"Final figure, complete",1995,47372,
Italy,1991,Total,September,Data tabulated by year of occurrence,"Final figure, complete",1995,49012,
Italy,1991,Total,October,Data tabulated by year of occurrence,"Final figure, complete",1995,48550,
Italy,1991,Total,November,Data tabulated by year of occurrence,"Final figure, complete",1995,45380,
Italy,1991,Total,December,Data tabulated by year of occurrence,"Final figure, complete",1995,45526,
Italy,1990,Total,Total,Data tabulated by year of occurrence,"Final figure, complete",1993,569255,
Italy,1990,Total,January,Data tabulated by year of occurrence,"Final figure, complete",1993,46054,
Italy,1990,Total,February,Data tabulated by year of occurrence,"Final figure, complete",1993,40908,
Italy,1990,Total,March,Data tabulated by year of occurrence,"Final figure, complete",1993,47236,
Italy,1990,Total,April,Data tabulated by year of occurrence,"Final figure, complete",1993,45365,
Italy,1990,Total,May,Data tabulated by year of occurrence,"Final figure, complete",1993,50147,
Italy,1990,Total,June,Data tabulated by year of occurrence,"Final figure, complete",1993,48598,
Italy,1990,Total,July,Data tabulated by year of occurrence,"Final figure, complete",1993,53320,
Italy,1990,Total,August,Data tabulated by year of occurrence,"Final figure, complete",1993,50807,
Italy,1990,Total,September,Data tabulated by year of occurrence,"Final figure, complete",1993,48207,
Italy,1990,Total,October,Data tabulated by year of occurrence,"Final figure, complete",1993,48274,
Italy,1990,Total,November,Data tabulated by year of occurrence,"Final figure, complete",1993,44718,
Italy,1990,Total,December,Data tabulated by year of occurrence,"Final figure, complete",1993,45621,
Italy,1989,Total,Total,Data tabulated by year of occurrence,"Final figure, complete",1992,560688,
Italy,1989,Total,January,Data tabulated by year of occurrence,"Final figure, complete",1992,44786,
Italy,1989,Total,February,Data tabulated by year of occurrence,"Final figure, complete",1992,39860,
Italy,1989,Total,March,Data tabulated by year of occurrence,"Final figure, complete",1992,45670,
Italy,1989,Total,April,Data tabulated by year of occurrence,"Final figure, complete",1992,43892,
Italy,1989,Total,May,Data tabulated by year of occurrence,"Final figure, complete",1992,47996,
Italy,1989,Total,June,Data tabulated by year of occurrence,"Final figure, complete",1992,49298,
Italy,1989,Total,July,Data tabulated by year of occurrence,"Final figure, complete",1992,51897,
Italy,1989,Total,August,Data tabulated by year of occurrence,"Final figure, complete",1992,49635,
Italy,1989,Total,September,Data tabulated by year of occurrence,"Final figure, complete",1992,48276,
Italy,1989,Total,October,Data tabulated by year of occurrence,"Final figure, complete",1992,48316,
Italy,1989,Total,November,Data tabulated by year of occurrence,"Final figure, complete",1992,45074,
Italy,1989,Total,December,Data tabulated by year of occurrence,"Final figure, complete",1992,45988,
Italy,1988,Total,Total,Data tabulated by year of occurrence,"Final figure, complete",1990,569698,
Italy,1988,Total,January,Data tabulated by year of occurrence,"Final figure, complete",1990,46618,
Italy,1988,Total,February,Data tabulated by year of occurrence,"Final figure, complete",1990,43272,
Italy,1988,Total,March,Data tabulated by year of occurrence,"Final figure, complete",1990,47821,
Italy,1988,Total,April,Data tabulated by year of occurrence,"Final figure, complete",1990,44539,
Italy,1988,Total,May,Data tabulated by year of occurrence,"Final figure, complete",1990,49480,
Italy,1988,Total,June,Data tabulated by year of occurrence,"Final figure, complete",1990,46877,
Italy,1988,Total,July,Data tabulated by year of occurrence,"Final figure, complete",1990,50618,
Italy,1988,Total,August,Data tabulated by year of occurrence,"Final figure, complete",1990,50025,
Italy,1988,Total,September,Data tabulated by year of occurrence,"Final figure, complete",1990,51429,
Italy,1988,Total,October,Data tabulated by year of occurrence,"Final figure, complete",1990,49014,
Italy,1988,Total,November,Data tabulated by year of occurrence,"Final figure, complete",1990,45071,
Italy,1988,Total,December,Data tabulated by year of occurrence,"Final figure, complete",1990,44934,
Italy,1985,Total,Total,Data tabulated by year of occurrence,"Final figure, complete",1988,577345,
Italy,1985,Total,January,Data tabulated by year of occurrence,"Final figure, complete",1988,46939,
Italy,1985,Total,February,Data tabulated by year of occurrence,"Final figure, complete",1988,41785,
Italy,1985,Total,March,Data tabulated by year of occurrence,"Final figure, complete",1988,48932,
Italy,1985,Total,April,Data tabulated by year of occurrence,"Final figure, complete",1988,48307,
Italy,1985,Total,May,Data tabulated by year of occurrence,"Final figure, complete",1988,53760,
Italy,1985,Total,June,Data tabulated by year of occurrence,"Final figure, complete",1988,51219,
Italy,1985,Total,July,Data tabulated by year of occurrence,"Final figure, complete",1988,53889,
Italy,1985,Total,August,Data tabulated by year of occurrence,"Final figure, complete",1988,48924,
Italy,1985,Total,September,Data tabulated by year of occurrence,"Final figure, complete",1988,47866,
Italy,1985,Total,October,Data tabulated by year of occurrence,"Final figure, complete",1988,48991,
Italy,1985,Total,November,Data tabulated by year of occurrence,"Final figure, complete",1988,43694,
Italy,1985,Total,December,Data tabulated by year of occurrence,"Final figure, complete",1988,43039,
Italy,1984,Total,Total,Data tabulated by year of occurrence,"Final figure, complete",1988,587871,
Italy,1984,Total,January,Data tabulated by year of occurrence,"Final figure, complete",1988,47921,
Italy,1984,Total,February,Data tabulated by year of occurrence,"Final figure, complete",1988,44455,
Italy,1984,Total,March,Data tabulated by year of occurrence,"Final figure, complete",1988,49445,
Italy,1984,Total,April,Data tabulated by year of occurrence,"Final figure, complete",1988,46577,
Italy,1984,Total,May,Data tabulated by year of occurrence,"Final figure, complete",1988,50335,
Italy,1984,Total,June,Data tabulated by year of occurrence,"Final figure, complete",1988,51560,
Italy,1984,Total,July,Data tabulated by year of occurrence,"Final figure, complete",1988,54820,
Italy,1984,Total,August,Data tabulated by year of occurrence,"Final figure, complete",1988,52932,
Italy,1984,Total,September,Data tabulated by year of occurrence,"Final figure, complete",1988,50673,
Italy,1984,Total,October,Data tabulated by year of occurrence,"Final figure, complete",1988,50174,
Italy,1984,Total,November,Data tabulated by year of occurrence,"Final figure, complete",1988,45013,
Italy,1984,Total,December,Data tabulated by year of occurrence,"Final figure, complete",1988,43966,
Italy,1983,Total,Total,Data tabulated by year of occurrence,"Final figure, complete",1987,601928,
Italy,1983,Total,January,Data tabulated by year of occurrence,"Final figure, complete",1987,49908,
Italy,1983,Total,February,Data tabulated by year of occurrence,"Final figure, complete",1987,44307,
Italy,1983,Total,March,Data tabulated by year of occurrence,"Final figure, complete",1987,49682,
Italy,1983,Total,April,Data tabulated by year of occurrence,"Final figure, complete",1987,47343,
Italy,1983,Total,May,Data tabulated by year of occurrence,"Final figure, complete",1987,53621,
Italy,1983,Total,June,Data tabulated by year of occurrence,"Final figure, complete",1987,52156,
Italy,1983,Total,July,Data tabulated by year of occurrence,"Final figure, complete",1987,56181,
Italy,1983,Total,August,Data tabulated by year of occurrence,"Final figure, complete",1987,52887,
Italy,1983,Total,September,Data tabulated by year of occurrence,"Final figure, complete",1987,51642,
Italy,1983,Total,October,Data tabulated by year of occurrence,"Final figure, complete",1987,51300,
Italy,1983,Total,November,Data tabulated by year of occurrence,"Final figure, complete",1987,46538,
Italy,1983,Total,December,Data tabulated by year of occurrence,"Final figure, complete",1987,46363,
Italy,1982,Total,Total,Data tabulated by year of occurrence,"Final figure, complete",1987,619097,
Italy,1982,Total,January,Data tabulated by year of occurrence,"Final figure, complete",1987,50443,
Italy,1982,Total,February,Data tabulated by year of occurrence,"Final figure, complete",1987,45802,
Italy,1982,Total,March,Data tabulated by year of occurrence,"Final figure, complete",1987,50406,
Italy,1982,Total,April,Data tabulated by year of occurrence,"Final figure, complete",1987,50760,
Italy,1982,Total,May,Data tabulated by year of occurrence,"Final figure, complete",1987,56257,
Italy,1982,Total,June,Data tabulated by year of occurrence,"Final figure, complete",1987,53522,
Italy,1982,Total,July,Data tabulated by year of occurrence,"Final figure, complete",1987,56240,
Italy,1982,Total,August,Data tabulated by year of occurrence,"Final figure, complete",1987,53923,
Italy,1982,Total,September,Data tabulated by year of occurrence,"Final figure, complete",1987,53002,
Italy,1982,Total,October,Data tabulated by year of occurrence,"Final figure, complete",1987,51783,
Italy,1982,Total,November,Data tabulated by year of occurrence,"Final figure, complete",1987,48820,
Italy,1982,Total,December,Data tabulated by year of occurrence,"Final figure, complete",1987,48139,
Italy,1981,Total,Total,Data tabulated by year of occurrence,"Final figure, complete",1985,623103,
Italy,1981,Total,January,Data tabulated by year of occurrence,"Final figure, complete",1985,51158,
Italy,1981,Total,February,Data tabulated by year of occurrence,"Final figure, complete",1985,45752,
Italy,1981,Total,March,Data tabulated by year of occurrence,"Final figure, complete",1985,52362,
Italy,1981,Total,April,Data tabulated by year of occurrence,"Final figure, complete",1985,52557,
Italy,1981,Total,May,Data tabulated by year of occurrence,"Final figure, complete",1985,55551,
Italy,1981,Total,June,Data tabulated by year of occurrence,"Final figure, complete",1985,53914,
Italy,1981,Total,July,Data tabulated by year of occurrence,"Final figure, complete",1985,56739,
Italy,1981,Total,August,Data tabulated by year of occurrence,"Final figure, complete",1985,53400,
Italy,1981,Total,September,Data tabulated by year of occurrence,"Final figure, complete",1985,54535,
Italy,1981,Total,October,Data tabulated by year of occurrence,"Final figure, complete",1985,51410,
Italy,1981,Total,November,Data tabulated by year of occurrence,"Final figure, complete",1985,47454,
Italy,1981,Total,December,Data tabulated by year of occurrence,"Final figure, complete",1985,48271,
Italy,1980,Total,Total,Data tabulated by year of occurrence,"Final figure, complete",1983,640401,
Italy,1980,Total,January,Data tabulated by year of occurrence,"Final figure, complete",1983,52886,
Italy,1980,Total,February,Data tabulated by year of occurrence,"Final figure, complete",1983,48441,
Italy,1980,Total,March,Data tabulated by year of occurrence,"Final figure, complete",1983,54757,
Italy,1980,Total,April,Data tabulated by year of occurrence,"Final figure, complete",1983,51726,
Italy,1980,Total,May,Data tabulated by year of occurrence,"Final figure, complete",1983,57290,
Italy,1980,Total,June,Data tabulated by year of occurrence,"Final figure, complete",1983,56152,
Italy,1980,Total,July,Data tabulated by year of occurrence,"Final figure, complete",1983,58799,
Italy,1980,Total,August,Data tabulated by year of occurrence,"Final figure, complete",1983,55133,
Italy,1980,Total,September,Data tabulated by year of occurrence,"Final figure, complete",1983,54584,
Italy,1980,Total,October,Data tabulated by year of occurrence,"Final figure, complete",1983,53564,
Italy,1980,Total,November,Data tabulated by year of occurrence,"Final figure, complete",1983,48936,
Italy,1980,Total,December,Data tabulated by year of occurrence,"Final figure, complete",1983,48133,
Italy,1979,Total,Total,Data tabulated by year of occurrence,"Final figure, complete",1981,670221,
Italy,1979,Total,January,Data tabulated by year of occurrence,"Final figure, complete",1981,56802,
Italy,1979,Total,February,Data tabulated by year of occurrence,"Final figure, complete",1981,50880,
Italy,1979,Total,March,Data tabulated by year of occurrence,"Final figure, complete",1981,56650,
Italy,1979,Total,April,Data tabulated by year of occurrence,"Final figure, complete",1981,56613,
Italy,1979,Total,May,Data tabulated by year of occurrence,"Final figure, complete",1981,61826,
Italy,1979,Total,June,Data tabulated by year of occurrence,"Final figure, complete",1981,58416,
Italy,1979,Total,July,Data tabulated by year of occurrence,"Final figure, complete",1981,61614,
Italy,1979,Total,August,Data tabulated by year of occurrence,"Final figure, complete",1981,58402,
Italy,1979,Total,September,Data tabulated by year of occurrence,"Final figure, complete",1981,56404,
Italy,1979,Total,October,Data tabulated by year of occurrence,"Final figure, complete",1981,54591,
Italy,1979,Total,November,Data tabulated by year of occurrence,"Final figure, complete",1981,48678,
Italy,1979,Total,December,Data tabulated by year of occurrence,"Final figure, complete",1981,49345,
Italy,1978,Total,Total,Data tabulated by year of occurrence,"Final figure, complete",1978,709043,
Italy,1978,Total,January,Data tabulated by year of occurrence,"Final figure, complete",1978,59011,
Italy,1978,Total,February,Data tabulated by year of occurrence,"Final figure, complete",1978,53406,
Italy,1978,Total,March,Data tabulated by year of occurrence,"Final figure, complete",1978,60259,
Italy,1978,Total,April,Data tabulated by year of occurrence,"Final figure, complete",1978,58861,
Italy,1978,Total,May,Data tabulated by year of occurrence,"Final figure, complete",1978,64974,
Italy,1978,Total,June,Data tabulated by year of occurrence,"Final figure, complete",1978,62324,
Italy,1978,Total,July,Data tabulated by year of occurrence,"Final figure, complete",1978,64508,
Italy,1978,Total,August,Data tabulated by year of occurrence,"Final figure, complete",1978,60691,
Italy,1978,Total,September,Data tabulated by year of occurrence,"Final figure, complete",1978,59224,
Italy,1978,Total,October,Data tabulated by year of occurrence,"Final figure, complete",1978,58984,
Italy,1978,Total,November,Data tabulated by year of occurrence,"Final figure, complete",1978,53451,
Italy,1978,Total,December,Data tabulated by year of occurrence,"Final figure, complete",1978,53350,
Italy,1977,Total,Total,Data tabulated by year of occurrence,"Final figure, complete",1979,741103,
Italy,1977,Total,January,Data tabulated by year of occurrence,"Final figure, complete",1979,61882,
Italy,1977,Total,February,Data tabulated by year of occurrence,"Final figure, complete",1979,56229,
Italy,1977,Total,March,Data tabulated by year of occurrence,"Final figure, complete",1979,64143,
Italy,1977,Total,April,Data tabulated by year of occurrence,"Final figure, complete",1979,60659,
Italy,1977,Total,May,Data tabulated by year of occurrence,"Final figure, complete",1979,68606,
Italy,1977,Total,June,Data tabulated by year of occurrence,"Final figure, complete",1979,66636,
Italy,1977,Total,July,Data tabulated by year of occurrence,"Final figure, complete",1979,67128,
Italy,1977,Total,August,Data tabulated by year of occurrence,"Final figure, complete",1979,63870,
Italy,1977,Total,September,Data tabulated by year of occurrence,"Final figure, complete",1979,61750,
Italy,1977,Total,October,Data tabulated by year of occurrence,"Final figure, complete",1979,60735,
Italy,1977,Total,November,Data tabulated by year of occurrence,"Final figure, complete",1979,55028,
Italy,1977,Total,December,Data tabulated by year of occurrence,"Final figure, complete",1979,54437,
Italy,1976,Total,January,Data tabulated by year of occurrence,"Final figure, complete",1978,68384,1
Italy,1976,Total,March,Data tabulated by year of occurrence,"Final figure, complete",1978,67318,1
Italy,1976,Total,May,Data tabulated by year of occurrence,"Final figure, complete",1978,69215,1
Italy,1976,Total,July,Data tabulated by year of occurrence,"Final figure, complete",1978,69434,1
Italy,1976,Total,September,Data tabulated by year of occurrence,"Final figure, complete",1978,64977,1
Italy,1976,Total,November,Data tabulated by year of occurrence,"Final figure, complete",1978,58914,1
Italy,1975,Total,Total,Data tabulated by year of occurrence,"Final figure, complete",1978,827852,
Italy,1975,Total,January,Data tabulated by year of occurrence,"Final figure, complete",1978,71307,
Italy,1975,Total,February,Data tabulated by year of occurrence,"Final figure, complete",1978,63461,
Italy,1975,Total,March,Data tabulated by year of occurrence,"Final figure, complete",1978,71645,
Italy,1975,Total,April,Data tabulated by year of occurrence,"Final figure, complete",1978,68463,
Italy,1975,Total,May,Data tabulated by year of occurrence,"Final figure, complete",1978,72619,
Italy,1975,Total,June,Data tabulated by year of occurrence,"Final figure, complete",1978,71329,
Italy,1975,Total,July,Data tabulated by year of occurrence,"Final figure, complete",1978,76904,
Italy,1975,Total,August,Data tabulated by year of occurrence,"Final figure, complete",1978,72670,
Italy,1975,Total,September,Data tabulated by year of occurrence,"Final figure, complete",1978,68071,
Italy,1975,Total,October,Data tabulated by year of occurrence,"Final figure, complete",1978,65723,
Italy,1975,Total,November,Data tabulated by year of occurrence,"Final figure, complete",1978,62236,
Italy,1975,Total,December,Data tabulated by year of occurrence,"Final figure, complete",1978,63424,
Italy,1974,Total,Total,Data tabulated by year of occurrence,"Final figure, complete",1977,868882,
Italy,1974,Total,January,Data tabulated by year of occurrence,"Final figure, complete",1977,73501,
Italy,1974,Total,February,Data tabulated by year of occurrence,"Final figure, complete",1977,64876,
Italy,1974,Total,March,Data tabulated by year of occurrence,"Final figure, complete",1977,73071,
Italy,1974,Total,April,Data tabulated by year of occurrence,"Final figure, complete",1977,70029,
Italy,1974,Total,May,Data tabulated by year of occurrence,"Final figure, complete",1977,75554,
Italy,1974,Total,June,Data tabulated by year of occurrence,"Final figure, complete",1977,73044,
Italy,1974,Total,July,Data tabulated by year of occurrence,"Final figure, complete",1977,79441,
Italy,1974,Total,August,Data tabulated by year of occurrence,"Final figure, complete",1977,77336,
Italy,1974,Total,September,Data tabulated by year of occurrence,"Final figure, complete",1977,75387,
Italy,1974,Total,October,Data tabulated by year of occurrence,"Final figure, complete",1977,73917,
Italy,1974,Total,November,Data tabulated by year of occurrence,"Final figure, complete",1977,66606,
Italy,1974,Total,December,Data tabulated by year of occurrence,"Final figure, complete",1977,66120,
Italy,1973,Total,Total,Data tabulated by year of occurrence,"Final figure, complete",1976,874546,
Italy,1973,Total,January,Data tabulated by year of occurrence,"Final figure, complete",1976,75125,
Italy,1973,Total,February,Data tabulated by year of occurrence,"Final figure, complete",1976,67208,
Italy,1973,Total,March,Data tabulated by year of occurrence,"Final figure, complete",1976,74856,
Italy,1973,Total,April,Data tabulated by year of occurrence,"Final figure, complete",1976,71084,
Italy,1973,Total,May,Data tabulated by year of occurrence,"Final figure, complete",1976,77171,
Italy,1973,Total,June,Data tabulated by year of occurrence,"Final figure, complete",1976,76100,
Italy,1973,Total,July,Data tabulated by year of occurrence,"Final figure, complete",1976,80299,
Italy,1973,Total,August,Data tabulated by year of occurrence,"Final figure, complete",1976,75523,
Italy,1973,Total,September,Data tabulated by year of occurrence,"Final figure, complete",1976,71671,
Italy,1973,Total,October,Data tabulated by year of occurrence,"Final figure, complete",1976,70138,
Italy,1973,Total,November,Data tabulated by year of occurrence,"Final figure, complete",1976,66378,
Italy,1973,Total,December,Data tabulated by year of occurrence,"Final figure, complete",1976,68993,
Italy,1972,Total,Total,Data tabulated by year of occurrence,"Final figure, complete",1974,888203,
Italy,1972,Total,January,Data tabulated by year of occurrence,"Final figure, complete",1974,75148,
Italy,1972,Total,February,Data tabulated by year of occurrence,"Final figure, complete",1974,69415,
Italy,1972,Total,March,Data tabulated by year of occurrence,"Final figure, complete",1974,75996,
Italy,1972,Total,April,Data tabulated by year of occurrence,"Final figure, complete",1974,71642,
Italy,1972,Total,May,Data tabulated by year of occurrence,"Final figure, complete",1974,75234,
Italy,1972,Total,June,Data tabulated by year of occurrence,"Final figure, complete",1974,76911,
Italy,1972,Total,July,Data tabulated by year of occurrence,"Final figure, complete",1974,82348,
Italy,1972,Total,August,Data tabulated by year of occurrence,"Final figure, complete",1974,77117,
Italy,1972,Total,September,Data tabulated by year of occurrence,"Final figure, complete",1974,75423,
Italy,1972,Total,October,Data tabulated by year of occurrence,"Final figure, complete",1974,73087,
Italy,1972,Total,November,Data tabulated by year of occurrence,"Final figure, complete",1974,66976,
Italy,1972,Total,December,Data tabulated by year of occurrence,"Final figure, complete",1974,68906,
Italy,1971,Total,Total,Data tabulated by year of occurrence,Provisional figure,1972,907380,
Italy,1971,Total,January,Data tabulated by year of occurrence,Provisional figure,1972,79175,
Italy,1971,Total,February,Data tabulated by year of occurrence,Provisional figure,1972,69631,
Italy,1971,Total,March,Data tabulated by year of occurrence,Provisional figure,1972,78776,
Italy,1971,Total,April,Data tabulated by year of occurrence,Provisional figure,1972,73390,
Italy,1971,Total,May,Data tabulated by year of occurrence,Provisional figure,1972,77984,
Italy,1971,Total,June,Data tabulated by year of occurrence,Provisional figure,1972,77218,
Italy,1971,Total,July,Data tabulated by year of occurrence,Provisional figure,1972,82265,
Italy,1971,Total,August,Data tabulated by year of occurrence,Provisional figure,1972,78151,
Italy,1971,Total,September,Data tabulated by year of occurrence,Provisional figure,1972,77044,
Italy,1971,Total,October,Data tabulated by year of occurrence,Provisional figure,1972,75823,
Italy,1971,Total,November,Data tabulated by year of occurrence,Provisional figure,1972,70260,
Italy,1971,Total,December,Data tabulated by year of occurrence,Provisional figure,1972,67663,
Italy,1970,Total,Total,Data tabulated by year of occurrence,"Final figure, complete",1972,901472,
Italy,1970,Total,January,Data tabulated by year of occurrence,"Final figure, complete",1972,77498,
Italy,1970,Total,February,Data tabulated by year of occurrence,"Final figure, complete",1972,68902,
Italy,1970,Total,March,Data tabulated by year of occurrence,"Final figure, complete",1972,77400,
Italy,1970,Total,April,Data tabulated by year of occurrence,"Final figure, complete",1972,75017,
Italy,1970,Total,May,Data tabulated by year of occurrence,"Final figure, complete",1972,77775,
Italy,1970,Total,June,Data tabulated by year of occurrence,"Final figure, complete",1972,78368,
Italy,1970,Total,July,Data tabulated by year of occurrence,"Final figure, complete",1972,83649,
Italy,1970,Total,August,Data tabulated by year of occurrence,"Final figure, complete",1972,76693,
Italy,1970,Total,September,Data tabulated by year of occurrence,"Final figure, complete",1972,70075,
Italy,1970,Total,October,Data tabulated by year of occurrence,"Final figure, complete",1972,71583,
Italy,1970,Total,November,Data tabulated by year of occurrence,"Final figure, complete",1972,71693,
Italy,1970,Total,December,Data tabulated by year of occurrence,"Final figure, complete",1972,72819,
,,,,,,,,
footnoteSeqID,Footnote,,,,,,,
1,Data as reported by national statistical authorities. Figures for the twelve months do not add up to the total.,,,,,,,